{"file_hashes":[{"block_hashes":["3fFoWaFfPrMzTWJBl1yjmIrD6vw9lkUqw6Sv02RMhVA="],"block_size":4096,"path":"_locales/be/messages.json"},{"block_hashes":["pIJmMpKpE7AqnN5GNcfJInC/PIcm/SdEddwsSQAZp8k="],"block_size":4096,"path":"_locales/cy/messages.json"},{"block_hashes":["pBZw1SQjumnHpl5+FT57mZTo3QNwxYS9oHFL1hxJxXg="],"block_size":4096,"path":"_locales/eu/messages.json"},{"block_hashes":["mJBxDfD78dtBvOQf4vYkJKO9OddV0p6Cl0TtPaDCzh0="],"block_size":4096,"path":"_locales/gl/messages.json"},{"block_hashes":["Cxbj+L2QSnZyhDRa6GoKmSfEev6J4F6isTrYAAm9+eQ="],"block_size":4096,"path":"_locales/hy/messages.json"},{"block_hashes":["4WMl0aZB73Qh8rr81kM9U1Q8idSY3ZZBmwPLpgucfWA="],"block_size":4096,"path":"_locales/is/messages.json"},{"block_hashes":["u7gcMvSCujIWybEYnHDO85yowhga81OP+ge0xq1S8Go="],"block_size":4096,"path":"_locales/iw/messages.json"},{"block_hashes":["MImLv1G91Y2zl/94DwYeM0MaOO9c/CiLUXfs92s5nyY="],"block_size":4096,"path":"_locales/ka/messages.json"},{"block_hashes":["VI3GyW4xoWzjVdxVxkgzsI7z+6i/MxSQMbSmhZWeOvQ="],"block_size":4096,"path":"_locales/kk/messages.json"},{"block_hashes":["phGPCg3jKeB8AfU81vtP7UPlTF9T20zRx/WytNn7EOY="],"block_size":4096,"path":"_locales/km/messages.json"},{"block_hashes":["iQgvsFIpgmvCIvXSLBWCNfAl8ObfZ/8TWhi9iZ4Tu48="],"block_size":4096,"path":"_locales/lo/messages.json"},{"block_hashes":["YT2HUfbMnT+jGfS36osr077Tf9B3SCyoJZKd18Eqaag="],"block_size":4096,"path":"_locales/mn/messages.json"},{"block_hashes":["JDvvvWtnohQz3Ml9wacoiW06Bw3CAFXrBNZE4buVX+c="],"block_size":4096,"path":"_locales/my/messages.json"},{"block_hashes":["Fg4c1ZPJAccpHqTsunNRkdeT3f1+lkagVgSYYn9h2m8="],"block_size":4096,"path":"_locales/ne/messages.json"},{"block_hashes":["u9N9Qbfeb5OUj6JDenaZ1MMKPDnnNheXAvISyzajEzw="],"block_size":4096,"path":"_locales/pa/messages.json"},{"block_hashes":["VCQevmUag0QjXMR6/SdMCAq668jDolr7ldg3O2pWcKI="],"block_size":4096,"path":"_locales/si/messages.json"},{"block_hashes":["MPRM+tBS1z2G0S+iDPwRFWOjsuRSO0P31m2TS6jazpE="],"block_size":4096,"path":"_locales/zh_HK/messages.json"},{"block_hashes":["7Hjd1MzzK1127HAaIBZ8P70UbXmlBeT7BCH8Hlz0qmM="],"block_size":4096,"path":"_locales/zu/messages.json"},{"block_hashes":["bGnOD+b6sU8ZkKMg1wT+42LBdcAOtskiSqb0EQiRjKY="],"block_size":4096,"path":"dasherSettingSchema.json"},{"block_hashes":["jehxQJ4ksUIf/8+dAu+JUuVH+awGRft4ELtg+gE8gg0=","rSQvIXIFBYKU2I3QF/YsDpxmOh6PiOcZB3BJm1klGqY=","VtApy/gPe4tX5xdyNeIGWJSK6khHAjzLsDS0xjgJWQ0=","RDpgWwXy2YqTX1mltdZInaqyFC7D695hNuxdnVE9NHs=","h4eu26P1CR2uk8sFbvm3NHjfWEr/sgWvMlwHfzYVAgQ=","n81+iu0jELHPY++iC1iZtkAQr23p8WHFrf4Yd3xKObs=","IAKZ2mTqQjqIfmk4169I47TCtIpwh8ZOy30f/Y980ws=","7hJFhqZDQ3mVt2VdxpV/eJNx4A/PDXq5d1u2btroNto=","CZWIJH+f369tRrzHNgAHnSYVhWof+YgoRDpuzMuMuls=","krojcX2zawwX+hQqa2q1PXTBZ9uuRRKD1nL2oYvnoIg=","6THsTFRhbKnCvgLXn5DPdYKMbvbB5YhIVsqW3loLLeo=","okVSh4NLEL1W0V+lTJAsVMxiuL0BMZDbLOeLmCFwkiE=","GDvYqxWFNeW4taRIShbXCKMkjwz7sX6mGokmeZb5/oU=","QG3RkGXvgn324GQB7IOTc6TohnqcRghXdBUUSgdsdCo=","PQ80At5CfiVyf8E0obmI2Darp7yZm1bFvmtcQiu8BN8=","91WSFngdP5hy2OpldZM0aY74Inqibd6ENbGp3kjcJio=","XXjRunTP2ZW8ivwXE8jXbRcZdbp5oqSGGP6ajXx43Aw=","+q7mYe+adE6AUPyUqBrJmuorLA0T5pAahJ/7yB5T8hM=","KFWKrqRoCA7LWEQnhyyskcfdqUxA5Vy75G6Jzz4jcEE="],"block_size":4096,"path":"eventpage_bin_prod.js"},{"block_hashes":["FI5a4SGEGWGeS0YWS0VAqPLqcpLrgk1zxjwSXZB/UyI="],"block_size":4096,"path":"page_embed_script.js"}],"version":2}